<?xml version="1.0" encoding="UTF-8" standalone="yes"?>
<Items xmlns:ns1="http://www.mysite.com">
	<Item>
		<Name>Coat</Name>
		<Value>49.99</Value>
		<Total>49.99</Total>
	</Item>
	<Item>
		<Name>Jeans</Name>
		<Value>19.98</Value>
		<Total>69.98</Total>
	</Item>
	<Item>
		<Name>Shirt</Name>
		<Value>18.94</Value>
		<Total>88.93</Total>
	</Item>
	<Item>
		<Name>Hat</Name>
		<Value>10.0</Value>
		<Total>98.93</Total>
	</Item>
	<Item>
		<Name>Glasses</Name>
		<Value>59.99</Value>
		<Total>158.91</Total>
	</Item>
	<Item>
		<Name>Shoes</Name>
		<Value>29.94</Value>
		<Total>188.87</Total>
	</Item>
	<Item>
		<Name>Other</Name>
		<Value>39.0</Value>
		<Total>227.87</Total>
	</Item>
</Items>