<?xml version="1.0"?>
<?mso-application progID="Excel.Sheet"?>
<Workbook xmlns="urn:schemas-microsoft-com:office:spreadsheet"
 xmlns:o="urn:schemas-microsoft-com:office:office"
 xmlns:x="urn:schemas-microsoft-com:office:excel"
 xmlns:ss="urn:schemas-microsoft-com:office:spreadsheet"
 xmlns:html="http://www.w3.org/TR/REC-html40">
 <DocumentProperties xmlns="urn:schemas-microsoft-com:office:office">
  <Author>John Paul Mueller</Author>
  <LastAuthor>John Paul Mueller</LastAuthor>
  <Created>2003-03-19T17:06:29Z</Created>
  <LastSaved>2003-03-19T17:43:29Z</LastSaved>
  <Company>DataCon Services</Company>
  <Version>11.4523</Version>
 </DocumentProperties>
 <OfficeDocumentSettings xmlns="urn:schemas-microsoft-com:office:office">
  <DownloadComponents/>
  <LocationOfComponents HRef="file:///F:\"/>
 </OfficeDocumentSettings>
 <ExcelWorkbook xmlns="urn:schemas-microsoft-com:office:excel">
  <WindowHeight>10380</WindowHeight>
  <WindowWidth>17115</WindowWidth>
  <WindowTopX>0</WindowTopX>
  <WindowTopY>60</WindowTopY>
  <ProtectStructure>False</ProtectStructure>
  <ProtectWindows>False</ProtectWindows>
 </ExcelWorkbook>
 <Styles>
  <Style ss:ID="Default" ss:Name="Normal">
   <Alignment ss:Vertical="Bottom"/>
   <Borders/>
   <Font/>
   <Interior/>
   <NumberFormat/>
   <Protection/>
  </Style>
  <Style ss:ID="s21">
   <NumberFormat ss:Format="&quot;$&quot;#,##0.00"/>
  </Style>
 </Styles>
 <Worksheet ss:Name="Sheet1">
  <Table ss:ExpandedColumnCount="3" ss:ExpandedRowCount="10" x:FullColumns="1"
   x:FullRows="1">
   <Column ss:AutoFitWidth="0" ss:Width="87.75"/>
   <Column ss:StyleID="s21" ss:AutoFitWidth="0" ss:Span="1"/>
   <Row>
    <Cell><Data ss:Type="String">The Inventory</Data></Cell>
   </Row>
   <Row ss:Index="3">
    <Cell><Data ss:Type="String">Item</Data></Cell>
    <Cell><Data ss:Type="String">Value</Data></Cell>
    <Cell><Data ss:Type="String">Total</Data></Cell>
   </Row>
   <Row>
    <Cell><Data ss:Type="String">Coat</Data></Cell>
    <Cell><Data ss:Type="Number">49.99</Data></Cell>
    <Cell ss:Formula="=RC[-1]"><Data ss:Type="Number">49.99</Data></Cell>
   </Row>
   <Row>
    <Cell><Data ss:Type="String">Jeans</Data></Cell>
    <Cell><Data ss:Type="Number">19.99</Data></Cell>
    <Cell ss:Formula="=R[-1]C +RC[-1]"><Data ss:Type="Number">69.98</Data></Cell>
   </Row>
   <Row>
    <Cell><Data ss:Type="String">Shirt</Data></Cell>
    <Cell><Data ss:Type="Number">18.95</Data></Cell>
    <Cell ss:Formula="=R[-1]C +RC[-1]"><Data ss:Type="Number">88.93</Data></Cell>
   </Row>
   <Row>
    <Cell><Data ss:Type="String">Hat</Data></Cell>
    <Cell><Data ss:Type="Number">10</Data></Cell>
    <Cell ss:Formula="=R[-1]C +RC[-1]"><Data ss:Type="Number">98.93</Data></Cell>
   </Row>
   <Row>
    <Cell><Data ss:Type="String">Glasses</Data></Cell>
    <Cell><Data ss:Type="Number">59.99</Data></Cell>
    <Cell ss:Formula="=R[-1]C +RC[-1]"><Data ss:Type="Number">158.92000000000002</Data></Cell>
   </Row>
   <Row>
    <Cell><Data ss:Type="String">Shoes</Data></Cell>
    <Cell><Data ss:Type="Number">29.95</Data></Cell>
    <Cell ss:Formula="=R[-1]C +RC[-1]"><Data ss:Type="Number">188.87</Data></Cell>
   </Row>
   <Row>
    <Cell><Data ss:Type="String">Other</Data></Cell>
    <Cell><Data ss:Type="Number">39</Data></Cell>
    <Cell ss:Formula="=R[-1]C +RC[-1]"><Data ss:Type="Number">227.87</Data></Cell>
   </Row>
  </Table>
  <WorksheetOptions xmlns="urn:schemas-microsoft-com:office:excel">
   <Selected/>
   <Panes>
    <Pane>
     <Number>3</Number>
     <ActiveRow>10</ActiveRow>
     <ActiveCol>2</ActiveCol>
    </Pane>
   </Panes>
   <ProtectObjects>False</ProtectObjects>
   <ProtectScenarios>False</ProtectScenarios>
  </WorksheetOptions>
 </Worksheet>
 <Worksheet ss:Name="Sheet2">
  <WorksheetOptions xmlns="urn:schemas-microsoft-com:office:excel">
   <ProtectObjects>False</ProtectObjects>
   <ProtectScenarios>False</ProtectScenarios>
  </WorksheetOptions>
 </Worksheet>
 <Worksheet ss:Name="Sheet3">
  <WorksheetOptions xmlns="urn:schemas-microsoft-com:office:excel">
   <ProtectObjects>False</ProtectObjects>
   <ProtectScenarios>False</ProtectScenarios>
  </WorksheetOptions>
 </Worksheet>
</Workbook>
