<?xml version="1.0" encoding="UTF-8" standalone="yes"?>
<ns1:Items xmlns:ns1="http://www.mysite.com">
	<ns1:Item>
		<ns1:Name>Coat</ns1:Name>
		<ns1:Value>49.99</ns1:Value>
		<ns1:Total>49.99</ns1:Total>
	</ns1:Item>
	<ns1:Item>
		<ns1:Name>Jeans</ns1:Name>
		<ns1:Value>19.98</ns1:Value>
		<ns1:Total>69.98</ns1:Total>
	</ns1:Item>
	<ns1:Item>
		<ns1:Name>Shirt</ns1:Name>
		<ns1:Value>18.94</ns1:Value>
		<ns1:Total>88.93</ns1:Total>
	</ns1:Item>
	<ns1:Item>
		<ns1:Name>Hat</ns1:Name>
		<ns1:Value>10.0</ns1:Value>
		<ns1:Total>98.93</ns1:Total>
	</ns1:Item>
	<ns1:Item>
		<ns1:Name>Glasses</ns1:Name>
		<ns1:Value>59.99</ns1:Value>
		<ns1:Total>158.91</ns1:Total>
	</ns1:Item>
	<ns1:Item>
		<ns1:Name>Shoes</ns1:Name>
		<ns1:Value>29.94</ns1:Value>
		<ns1:Total>188.87</ns1:Total>
	</ns1:Item>
	<ns1:Item>
		<ns1:Name>Other</ns1:Name>
		<ns1:Value>39.0</ns1:Value>
		<ns1:Total>227.87</ns1:Total>
	</ns1:Item>
</ns1:Items>