<?xml version="1.0" encoding="UTF-8" standalone="no"?>
<?mso-application progid="Word.Document"?>
<w:wordDocument xmlns:w="http://schemas.microsoft.com/office/word/2002/8/wordml" xmlns:v="urn:schemas-microsoft-com:vml" xmlns:w10="urn:schemas-microsoft-com:office:word" xmlns:SL="http://schemas.microsoft.com/schemaLibrary/2002/8/core" xmlns:xsi="http://www.w3.org/2001/XMLSchema-instance" xmlns:aml="http://schemas.microsoft.com/aml/2001/core" xmlns:wx="http://schemas.microsoft.com/office/word/2002/8/auxHint" xmlns:o="urn:schemas-microsoft-com:office:office" xml:space="preserve"><w:docInfo><w:title w:val="A WordML Document Example"/><w:subject w:val="VBA for Dummies"/><w:author w:val="John Paul Mueller"/><w:template w:val="Normal.dot"/><w:lastAuthor w:val="John Paul Mueller"/><w:revision w:val="2"/><w:appName w:val="Microsoft Word 11.0"/><w:totalEdit w:val="3"/><w:created w:val="2003-03-18T20:03:00Z"/><w:lastSaved w:val="2003-03-18T20:03:00Z"/><w:pages w:val="1" wx:estimate="true"/><w:words w:val="18" wx:estimate="true"/><w:characters w:val="105" wx:estimate="true"/><w:company w:val="DataCon Services"/><w:lines w:val="1" wx:estimate="true"/><w:paras w:val="1" wx:estimate="true"/><w:charactersWithSpaces w:val="122" wx:estimate="true"/><w:version w:val="11.4523"/></w:docInfo><w:docPr><w:view w:val="normal"/><w:doNotEmbedSystemFonts/><w:documentProtection/><w:defaultTabStop w:val="720"/><w:defaultFonts w:ascii="Times New Roman" w:fareast="Times New Roman" w:h-ansi="Times New Roman" w:cs="Times New Roman"/><w:summaryLength w:val="0"/><w:displayHorizontalDrawingGridEvery w:val="0"/><w:displayVerticalDrawingGridEvery w:val="0"/><w:useMarginsForDrawingGridOrigin/><w:characterSpacingControl w:val="DontCompress"/><w:optimizeForBrowser/><w:validateAgainstSchema/><w:saveInvalidXML w:val="off"/><w:saveThroughXSLT w:val="D:\0138 - Source Code\Chapter 11\PFormat.XSLT"/><w:footnotePr><w:footnote w:type="separator"><w:p><w:r><w:separator/></w:r></w:p></w:footnote><w:footnote w:type="continuation-separator"><w:p><w:r><w:continuationSeparator/></w:r></w:p></w:footnote></w:footnotePr><w:endnotePr><w:endnote w:type="separator"><w:p><w:r><w:separator/></w:r></w:p></w:endnote><w:endnote w:type="continuation-separator"><w:p><w:r><w:continuationSeparator/></w:r></w:p></w:endnote></w:endnotePr><w:compat><w:ww6BorderRules/><w:footnoteLayoutLikeWW8/><w:shapeLayoutLikeWW8/><w:alignTablesRowByRow/><w:forgetLastTabAlignment/><w:doNotUseHTMLParagraphAutoSpacing/><w:layoutRawTableWidth/><w:layoutTableRowsApart/><w:useWord97LineBreakingRules/><w:dontAllowFieldEndSelect/></w:compat></w:docPr><w:fonts><w:font w:name="Roman 12cpi"><w:panose-1 w:val="00000000000000000000"/><w:charset w:val="0"/><w:family w:val="Modern"/><w:notTrueType/><w:pitch w:val="fixed"/><w:sig w:usb-0="00000003" w:usb-1="00000000" w:usb-2="00000000" w:usb-3="00000000" w:csb-0="00000001" w:csb-1="00000000"/></w:font></w:fonts><w:styles><w:versionOfBuiltInStylenames w:val="3"/><w:style w:type="paragraph" w:default="on" w:styleId="Normal"><w:name w:val="Normal"/><w:pPr><w:spacing w:after="240"/></w:pPr><w:rPr><w:rFonts w:ascii="Roman 12cpi" w:h-ansi="Roman 12cpi"/><wx:font wx:val="Roman 12cpi"/><w:lang w:val="EN-US" w:fareast="EN-US" w:bidi="AR-SA"/></w:rPr></w:style><w:style w:type="paragraph" w:styleId="Heading1"><w:name w:val="heading 1"/><wx:uiName wx:val="Heading 1"/><w:basedOn w:val="Normal"/><w:next w:val="Normal"/><w:pPr><w:pStyle w:val="Heading1"/><w:keepNext/><w:spacing w:after="120"/><w:outlineLvl w:val="0"/></w:pPr><w:rPr><w:rFonts w:ascii="Arial" w:h-ansi="Arial"/><wx:font wx:val="Arial"/><w:b/><w:kern w:val="28"/><w:sz w:val="28"/></w:rPr></w:style><w:style w:type="paragraph" w:styleId="Heading2"><w:name w:val="heading 2"/><wx:uiName wx:val="Heading 2"/><w:basedOn w:val="Normal"/><w:next w:val="Normal"/><w:rsid w:val="E95970"/><w:pPr><w:pStyle w:val="Heading2"/><w:keepNext/><w:spacing w:before="240" w:after="60"/><w:outlineLvl w:val="1"/></w:pPr><w:rPr><w:rFonts w:ascii="Arial" w:h-ansi="Arial" w:cs="Arial"/><wx:font wx:val="Arial"/><w:b/><w:b-cs/><w:i/><w:i-cs/><w:sz w:val="28"/><w:sz-cs w:val="28"/></w:rPr></w:style><w:style w:type="character" w:default="on" w:styleId="DefaultParagraphFont"><w:name w:val="Default Paragraph Font"/><w:semiHidden/></w:style><w:style w:type="table" w:default="on" w:styleId="TableNormal"><w:name w:val="Normal Table"/><wx:uiName wx:val="Table Normal"/><w:semiHidden/><w:rPr><wx:font wx:val="Times New Roman"/></w:rPr><w:tblPr><w:tblInd w:w="0" w:type="dxa"/><w:tblCellMar><w:top w:w="0" w:type="dxa"/><w:left w:w="108" w:type="dxa"/><w:bottom w:w="0" w:type="dxa"/><w:right w:w="108" w:type="dxa"/></w:tblCellMar></w:tblPr></w:style><w:style w:type="list" w:default="on" w:styleId="NoList"><w:name w:val="No List"/><w:semiHidden/></w:style><w:style w:type="paragraph" w:styleId="Header"><w:name w:val="header"/><wx:uiName wx:val="Header"/><w:basedOn w:val="Normal"/><w:pPr><w:pStyle w:val="Header"/><w:tabs><w:tab w:val="center" w:pos="5040"/><w:tab w:val="right" w:pos="10080"/></w:tabs></w:pPr><w:rPr><wx:font wx:val="Roman 12cpi"/></w:rPr></w:style><w:style w:type="paragraph" w:styleId="Footer"><w:name w:val="footer"/><wx:uiName wx:val="Footer"/><w:basedOn w:val="Normal"/><w:pPr><w:pStyle w:val="Footer"/><w:tabs><w:tab w:val="center" w:pos="4320"/><w:tab w:val="right" w:pos="8640"/></w:tabs></w:pPr><w:rPr><wx:font wx:val="Roman 12cpi"/></w:rPr></w:style><w:style w:type="character" w:styleId="PageNumber"><w:name w:val="page number"/><wx:uiName wx:val="Page Number"/><w:basedOn w:val="DefaultParagraphFont"/></w:style><w:style w:type="paragraph" w:styleId="TechqueryT"><w:name w:val="Tech query (T)"/><w:basedOn w:val="Normal"/><w:pPr><w:pStyle w:val="TechqueryT"/><w:keepLines/><w:spacing w:line="240" w:line-rule="exact"/></w:pPr><w:rPr><w:rFonts w:ascii="Times New Roman" w:h-ansi="Times New Roman"/><wx:font wx:val="Times New Roman"/><w:b/><w:color w:val="FF0000"/><w:sz w:val="24"/></w:rPr></w:style></w:styles><w:body><wx:sect><wx:sub-section><w:p><w:pPr><w:pStyle w:val="Heading1"/></w:pPr><w:r><w:t>This is a Heading 1 entry.</w:t></w:r></w:p><w:p><w:r><w:t>This is text associated with the Heading 1 entry.</w:t></w:r></w:p><wx:sub-section><w:p><w:pPr><w:pStyle w:val="Heading2"/></w:pPr><w:r><w:t>Here is a Heading 2 entry.</w:t></w:r></w:p><w:p><w:r><w:t>This is more text.</w:t></w:r></w:p><w:sectPr><w:hdr w:type="odd"><w:p><w:pPr><w:pStyle w:val="Header"/></w:pPr><w:r><w:rPr><w:rStyle w:val="PageNumber"/></w:rPr><w:fldChar w:fldCharType="begin"/></w:r><w:r><w:rPr><w:rStyle w:val="PageNumber"/></w:rPr><w:instrText> PAGE </w:instrText></w:r><w:r><w:rPr><w:rStyle w:val="PageNumber"/></w:rPr><w:fldChar w:fldCharType="separate"/></w:r><w:r><w:rPr><w:rStyle w:val="PageNumber"/><w:noProof/></w:rPr><w:t>1</w:t></w:r><w:r><w:rPr><w:rStyle w:val="PageNumber"/></w:rPr><w:fldChar w:fldCharType="end"/></w:r><w:r><w:rPr><w:rStyle w:val="PageNumber"/></w:rPr><w:t>	</w:t></w:r><w:fldSimple w:instr=" FILENAME  \* MERGEFORMAT "><w:r><w:rPr><w:rStyle w:val="PageNumber"/></w:rPr><w:t>NORMAL.DOT</w:t></w:r></w:fldSimple><w:r><w:rPr><w:rStyle w:val="PageNumber"/></w:rPr><w:t>	</w:t></w:r><w:r><w:rPr><w:rStyle w:val="PageNumber"/></w:rPr><w:fldChar w:fldCharType="begin"/></w:r><w:r><w:rPr><w:rStyle w:val="PageNumber"/></w:rPr><w:instrText> DATE  \l </w:instrText></w:r><w:r><w:rPr><w:rStyle w:val="PageNumber"/></w:rPr><w:fldChar w:fldCharType="separate"/></w:r><w:r><w:rPr><w:rStyle w:val="PageNumber"/></w:rPr><w:t>1/28/95</w:t></w:r><w:r><w:rPr><w:rStyle w:val="PageNumber"/></w:rPr><w:fldChar w:fldCharType="end"/></w:r></w:p></w:hdr><w:footnotePr><w:pos w:val="page-bottom"/></w:footnotePr><w:endnotePr><w:pos w:val="doc-end"/><w:numFmt w:val="lower-roman"/></w:endnotePr><w:type w:val="next-page"/><w:pgSz w:w="12240" w:h="15840" w:orient="portrait"/><w:pgMar w:top="1080" w:right="1080" w:bottom="1080" w:left="1080" w:header="720" w:footer="720" w:gutter="0"/><w:noEndnote w:val="off"/></w:sectPr></wx:sub-section></wx:sub-section></wx:sect></w:body></w:wordDocument>